SKU_ID,Warehouse_ID,Quantity_On_Hand
SKU0001,WHBDG,359
SKU0002,WHDPS,314
SKU0003,WHBDG,485
SKU0004,WHJKT,281
SKU0005,WHDPS,235
SKU0006,WHJKT,446
SKU0007,WHDPS,368
SKU0008,WHBDG,135
SKU0009,WHSBY,1
SKU0010,WHSBY,49
SKU0011,WHBDG,711
SKU0012,WHDPS,66
SKU0013,WHJKT,443
SKU0014,WHBDG,130
SKU0015,WHSBY,231
SKU0016,WHBDG,47
SKU0017,WHDPS,197
SKU0018,WHJKT,484
SKU0019,WHSBY,41
SKU0020,WHDPS,1
SKU0021,WHJKT,123
SKU0022,WHMDN,87
SKU0023,WHDPS,210
SKU0024,WHBDG,58
SKU0025,WHMDN,77
SKU0026,WHJKT,801
SKU0027,WHDPS,470
SKU0028,WHMDN,293
SKU0029,WHBDG,259
SKU0030,WHDPS,112
SKU0031,WHDPS,134
SKU0032,WHDPS,17
SKU0033,WHMDN,72
SKU0034,WHBDG,509
SKU0035,WHDPS,88
SKU0036,WHSBY,69
SKU0037,WHBDG,197
SKU0038,WHBDG,298
SKU0039,WHSBY,85
SKU0040,WHSBY,81
SKU0041,WHJKT,398
SKU0042,WHBDG,207
SKU0043,WHDPS,193
SKU0044,WHDPS,42
SKU0045,WHMDN,293
SKU0046,WHMDN,298
SKU0047,WHSBY,282
SKU0048,WHMDN,48
SKU0049,WHJKT,80
SKU0050,WHBDG,42
SKU0051,WHDPS,42
SKU0052,WHMDN,435
SKU0053,WHJKT,41
SKU0054,WHMDN,680
SKU0055,WHDPS,29
SKU0056,WHDPS,216
SKU0057,WHBDG,1
SKU0058,WHBDG,81
SKU0059,WHSBY,112
SKU0060,WHJKT,129
SKU0061,WHSBY,198
SKU0062,WHMDN,27
SKU0063,WHSBY,858
SKU0064,WHSBY,109
SKU0065,WHMDN,492
SKU0066,WHDPS,76
SKU0067,WHSBY,261
SKU0068,WHMDN,271
SKU0069,WHBDG,130
SKU0070,WHSBY,12
SKU0071,WHBDG,211
SKU0072,WHSBY,505
SKU0073,WHJKT,45
SKU0074,WHJKT,51
SKU0075,WHJKT,32
SKU0076,WHSBY,88
SKU0077,WHBDG,431
SKU0078,WHSBY,318
SKU0079,WHMDN,87
SKU0080,WHDPS,468
SKU0081,WHDPS,256
SKU0082,WHBDG,246
SKU0083,WHSBY,9
SKU0084,WHBDG,82
SKU0085,WHMDN,223
SKU0086,WHMDN,490
SKU0087,WHDPS,173
SKU0088,WHMDN,150
SKU0089,WHBDG,105
SKU0090,WHSBY,17
SKU0091,WHBDG,111
SKU0092,WHBDG,780
SKU0093,WHMDN,207
SKU0094,WHMDN,118
SKU0095,WHSBY,44
SKU0096,WHMDN,61
SKU0097,WHMDN,151
SKU0098,WHMDN,214
SKU0099,WHBDG,18
SKU0100,WHSBY,339
SKU0101,WHMDN,58
SKU0102,WHSBY,293
SKU0103,WHDPS,562
SKU0104,WHJKT,197
SKU0105,WHSBY,329
SKU0106,WHMDN,415
SKU0107,WHDPS,302
SKU0108,WHDPS,480
SKU0109,WHJKT,187
SKU0110,WHJKT,4
SKU0111,WHDPS,577
SKU0112,WHBDG,46
SKU0113,WHJKT,649
SKU0114,WHJKT,88
SKU0115,WHBDG,168
SKU0116,WHBDG,108
SKU0117,WHDPS,572
SKU0118,WHDPS,829
SKU0119,WHMDN,126
SKU0120,WHBDG,262
SKU0121,WHDPS,1
SKU0122,WHSBY,488
SKU0123,WHJKT,38
SKU0124,WHMDN,200
SKU0125,WHBDG,154
SKU0126,WHDPS,215
SKU0127,WHSBY,146
SKU0128,WHMDN,560
SKU0129,WHJKT,812
SKU0130,WHMDN,841
SKU0131,WHMDN,28
SKU0132,WHSBY,319
SKU0133,WHDPS,255
SKU0134,WHDPS,86
SKU0135,WHMDN,202
SKU0136,WHSBY,155
SKU0137,WHSBY,66
SKU0138,WHBDG,382
SKU0139,WHSBY,73
SKU0140,WHJKT,125
SKU0141,WHDPS,278
SKU0142,WHDPS,235
SKU0143,WHDPS,122
SKU0144,WHSBY,35
SKU0145,WHMDN,456
SKU0146,WHBDG,162
SKU0147,WHJKT,45
SKU0148,WHMDN,180
SKU0149,WHDPS,134
SKU0150,WHBDG,209
SKU0151,WHBDG,1
SKU0152,WHSBY,28
SKU0153,WHMDN,463
SKU0154,WHBDG,474
SKU0155,WHSBY,642
SKU0156,WHBDG,224
SKU0157,WHDPS,1
SKU0158,WHJKT,687
SKU0159,WHJKT,52
SKU0160,WHDPS,719
SKU0161,WHDPS,164
SKU0162,WHSBY,616
SKU0163,WHMDN,154
SKU0164,WHBDG,88
SKU0165,WHJKT,63
SKU0166,WHMDN,203
SKU0167,WHJKT,206
SKU0168,WHSBY,465
SKU0169,WHDPS,753
SKU0170,WHBDG,201
SKU0171,WHDPS,216
SKU0172,WHDPS,253
SKU0173,WHDPS,237
SKU0174,WHBDG,119
SKU0175,WHSBY,72
SKU0176,WHSBY,310
SKU0177,WHSBY,326
SKU0178,WHDPS,56
SKU0179,WHDPS,529
SKU0180,WHDPS,8
SKU0181,WHJKT,41
SKU0182,WHDPS,155
SKU0183,WHMDN,206
SKU0184,WHSBY,403
SKU0185,WHSBY,48
SKU0186,WHJKT,339
SKU0187,WHBDG,238
SKU0188,WHMDN,277
SKU0189,WHMDN,95
SKU0190,WHMDN,145
SKU0191,WHDPS,300
SKU0192,WHBDG,116
SKU0193,WHBDG,37
SKU0194,WHDPS,29
SKU0195,WHSBY,139
SKU0196,WHDPS,201
SKU0197,WHBDG,326
SKU0198,WHMDN,393
SKU0199,WHSBY,246
SKU0200,WHDPS,370
SKU0201,WHBDG,111
SKU0202,WHSBY,73
SKU0203,WHSBY,278
SKU0204,WHSBY,145
SKU0205,WHJKT,171
SKU0206,WHMDN,60
SKU0207,WHDPS,322
SKU0208,WHMDN,646
SKU0209,WHSBY,247
SKU0210,WHSBY,22
SKU0211,WHBDG,16
SKU0212,WHBDG,289
SKU0213,WHSBY,205
SKU0214,WHBDG,54
SKU0215,WHBDG,529
SKU0216,WHBDG,20
SKU0217,WHJKT,198
SKU0218,WHDPS,61
SKU0219,WHMDN,169
SKU0220,WHSBY,216
SKU0221,WHSBY,187
SKU0222,WHJKT,274
SKU0223,WHDPS,62
SKU0224,WHJKT,787
SKU0225,WHBDG,76
SKU0226,WHSBY,446
SKU0227,WHDPS,17
SKU0228,WHDPS,139
SKU0229,WHBDG,448
SKU0230,WHBDG,374
SKU0231,WHBDG,0
SKU0232,WHBDG,204
SKU0233,WHBDG,177
SKU0234,WHSBY,25
SKU0235,WHSBY,619
SKU0236,WHSBY,330
SKU0237,WHSBY,423
SKU0238,WHDPS,588
SKU0239,WHJKT,421
SKU0240,WHJKT,147
SKU0241,WHDPS,30
SKU0242,WHDPS,335
SKU0243,WHBDG,199
SKU0244,WHJKT,48
SKU0245,WHDPS,215
SKU0246,WHDPS,692
SKU0247,WHJKT,299
SKU0248,WHJKT,205
SKU0249,WHDPS,180
SKU0250,WHMDN,166
SKU0251,WHBDG,555
SKU0252,WHJKT,202
SKU0253,WHSBY,226
SKU0254,WHBDG,365
SKU0255,WHBDG,595
SKU0256,WHDPS,21
SKU0257,WHSBY,35
SKU0258,WHSBY,122
SKU0259,WHSBY,235
SKU0260,WHJKT,85
SKU0261,WHJKT,27
SKU0262,WHDPS,23
SKU0263,WHDPS,103
SKU0264,WHDPS,71
SKU0265,WHSBY,51
SKU0266,WHBDG,238
SKU0267,WHJKT,494
SKU0268,WHDPS,55
SKU0269,WHMDN,304
SKU0270,WHDPS,108
SKU0271,WHDPS,67
SKU0272,WHSBY,107
SKU0273,WHDPS,891
SKU0274,WHDPS,193
SKU0275,WHJKT,148
SKU0276,WHMDN,166
SKU0277,WHBDG,236
SKU0278,WHJKT,204
SKU0279,WHSBY,373
SKU0280,WHDPS,961
SKU0281,WHDPS,136
SKU0282,WHJKT,37
SKU0283,WHBDG,320
SKU0284,WHMDN,42
SKU0285,WHMDN,128
SKU0286,WHMDN,64
SKU0287,WHJKT,269
SKU0288,WHBDG,180
SKU0289,WHJKT,36
SKU0290,WHBDG,135
SKU0291,WHBDG,180
SKU0292,WHBDG,87
SKU0293,WHBDG,126
SKU0294,WHMDN,579
SKU0295,WHDPS,161
SKU0296,WHSBY,351
SKU0297,WHJKT,73
SKU0298,WHJKT,56
SKU0299,WHSBY,92
SKU0300,WHDPS,186
SKU0301,WHSBY,142
SKU0302,WHDPS,137
SKU0303,WHSBY,91
SKU0304,WHJKT,30
SKU0305,WHMDN,13
SKU0306,WHJKT,661
SKU0307,WHJKT,633
SKU0308,WHDPS,488
SKU0309,WHJKT,329
SKU0310,WHSBY,112
SKU0311,WHBDG,291
SKU0312,WHJKT,35
SKU0313,WHBDG,265
SKU0314,WHDPS,66
SKU0315,WHBDG,254
SKU0316,WHBDG,15
SKU0317,WHDPS,136
SKU0318,WHDPS,621
SKU0319,WHSBY,554
SKU0320,WHBDG,80
SKU0321,WHDPS,74
SKU0322,WHSBY,234
SKU0323,WHMDN,2
SKU0324,WHDPS,180
SKU0325,WHSBY,108
SKU0326,WHSBY,69
SKU0327,WHJKT,433
SKU0328,WHBDG,15
SKU0329,WHBDG,15
SKU0330,WHDPS,119
SKU0331,WHDPS,301
SKU0332,WHJKT,86
SKU0333,WHDPS,128
SKU0334,WHSBY,1
SKU0335,WHJKT,42
SKU0336,WHBDG,150
SKU0337,WHBDG,1
SKU0338,WHJKT,1
SKU0339,WHDPS,186
SKU0340,WHJKT,108
SKU0341,WHJKT,154
SKU0342,WHBDG,47
SKU0343,WHSBY,434
SKU0344,WHJKT,20
SKU0345,WHBDG,176
SKU0346,WHJKT,603
SKU0347,WHMDN,116
SKU0348,WHDPS,329
SKU0349,WHDPS,196
SKU0350,WHDPS,231
SKU0351,WHMDN,210
SKU0352,WHMDN,36
SKU0353,WHDPS,187
SKU0354,WHJKT,352
SKU0355,WHMDN,256
SKU0356,WHSBY,779
SKU0357,WHSBY,422
SKU0358,WHSBY,644
SKU0359,WHSBY,46
SKU0360,WHDPS,363
SKU0361,WHBDG,47
SKU0362,WHMDN,31
SKU0363,WHJKT,266
SKU0364,WHBDG,485
SKU0365,WHBDG,123
SKU0366,WHBDG,6
SKU0367,WHDPS,164
SKU0368,WHSBY,61
SKU0369,WHMDN,48
SKU0370,WHMDN,289
SKU0371,WHDPS,150
SKU0372,WHSBY,126
SKU0373,WHDPS,97
SKU0374,WHBDG,190
SKU0375,WHMDN,204
SKU0376,WHJKT,306
SKU0377,WHBDG,470
SKU0378,WHJKT,118
SKU0379,WHSBY,78
SKU0380,WHDPS,252
SKU0381,WHBDG,300
SKU0382,WHSBY,292
SKU0383,WHJKT,256
SKU0384,WHJKT,345
SKU0385,WHDPS,511
SKU0386,WHBDG,246
SKU0387,WHSBY,145
SKU0388,WHDPS,1
SKU0389,WHJKT,358
SKU0390,WHJKT,337
SKU0391,WHSBY,365
SKU0392,WHMDN,628
SKU0393,WHBDG,238
SKU0394,WHMDN,321
SKU0395,WHDPS,95
SKU0396,WHBDG,336
SKU0397,WHJKT,150
SKU0398,WHBDG,144
SKU0399,WHJKT,392
SKU0400,WHDPS,95
SKU0401,WHSBY,180
SKU0402,WHDPS,320
SKU0403,WHBDG,335
SKU0404,WHJKT,539
SKU0405,WHDPS,800
SKU0406,WHMDN,129
SKU0407,WHMDN,465
SKU0408,WHSBY,514
SKU0409,WHMDN,228
SKU0410,WHJKT,321
SKU0411,WHDPS,296
SKU0412,WHJKT,209
SKU0413,WHBDG,225
SKU0414,WHBDG,776
SKU0415,WHDPS,100
SKU0416,WHSBY,81
SKU0417,WHBDG,405
SKU0418,WHSBY,462
SKU0419,WHDPS,428
SKU0420,WHSBY,184
SKU0421,WHJKT,217
SKU0422,WHJKT,859
SKU0423,WHJKT,187
SKU0424,WHMDN,210
SKU0425,WHJKT,244
SKU0426,WHMDN,323
SKU0427,WHSBY,768
SKU0428,WHJKT,40
SKU0429,WHBDG,1
SKU0430,WHBDG,47
SKU0431,WHJKT,160
SKU0432,WHBDG,213
SKU0433,WHMDN,19
SKU0434,WHMDN,16
SKU0435,WHSBY,262
SKU0436,WHDPS,110
SKU0437,WHBDG,21
SKU0438,WHDPS,215
SKU0439,WHBDG,162
SKU0440,WHDPS,297
SKU0441,WHSBY,303
SKU0442,WHDPS,308
SKU0443,WHDPS,221
SKU0444,WHBDG,459
SKU0445,WHBDG,176
SKU0446,WHJKT,95
SKU0447,WHJKT,48
SKU0448,WHMDN,39
SKU0449,WHDPS,24
SKU0450,WHBDG,273
SKU0451,WHDPS,244
SKU0452,WHMDN,162
SKU0453,WHSBY,21
SKU0454,WHDPS,381
SKU0455,WHSBY,68
SKU0456,WHMDN,1
SKU0457,WHSBY,23
SKU0458,WHBDG,1
SKU0459,WHBDG,109
SKU0460,WHMDN,310
SKU0461,WHSBY,419
SKU0462,WHBDG,473
SKU0463,WHJKT,815
SKU0464,WHDPS,537
SKU0465,WHSBY,180
SKU0466,WHDPS,76
SKU0467,WHSBY,37
SKU0468,WHSBY,223
SKU0469,WHMDN,193
SKU0470,WHSBY,120
SKU0471,WHJKT,344
SKU0472,WHMDN,422
SKU0473,WHBDG,211
SKU0474,WHSBY,759
SKU0475,WHBDG,52
SKU0476,WHBDG,239
SKU0477,WHBDG,232
SKU0478,WHSBY,90
SKU0479,WHMDN,661
SKU0480,WHSBY,60
SKU0481,WHSBY,51
SKU0482,WHBDG,16
SKU0483,WHSBY,554
SKU0484,WHBDG,38
SKU0485,WHBDG,538
SKU0486,WHJKT,179
SKU0487,WHBDG,300
SKU0488,WHSBY,108
SKU0489,WHMDN,146
SKU0490,WHSBY,61
SKU0491,WHSBY,83
SKU0492,WHDPS,256
SKU0493,WHMDN,357
SKU0494,WHSBY,1
SKU0495,WHJKT,821
SKU0496,WHJKT,502
SKU0497,WHMDN,249
SKU0498,WHBDG,45
SKU0499,WHJKT,215
SKU0500,WHDPS,498
SKU0501,WHDPS,71
SKU0502,WHJKT,210
SKU0503,WHJKT,227
SKU0504,WHDPS,151
SKU0505,WHSBY,75
SKU0506,WHJKT,190
SKU0507,WHSBY,390
SKU0508,WHJKT,101
SKU0509,WHSBY,278
SKU0510,WHDPS,832
SKU0511,WHBDG,485
SKU0512,WHDPS,245
SKU0513,WHMDN,142
SKU0514,WHDPS,242
SKU0515,WHBDG,70
SKU0516,WHMDN,481
SKU0517,WHDPS,239
SKU0518,WHDPS,85
SKU0519,WHDPS,288
SKU0520,WHDPS,141
SKU0521,WHDPS,98
SKU0522,WHBDG,52
SKU0523,WHMDN,60
SKU0524,WHSBY,92
SKU0525,WHMDN,143
SKU0526,WHBDG,186
SKU0527,WHSBY,93
SKU0528,WHBDG,1
SKU0529,WHBDG,435
SKU0530,WHMDN,61
SKU0531,WHDPS,0
SKU0532,WHJKT,658
SKU0533,WHMDN,325
SKU0534,WHDPS,1
SKU0535,WHSBY,171
SKU0536,WHJKT,72
SKU0537,WHDPS,742
SKU0538,WHSBY,300
SKU0539,WHBDG,98
SKU0540,WHSBY,255
SKU0541,WHBDG,144
SKU0542,WHDPS,202
SKU0543,WHMDN,158
SKU0544,WHBDG,693
SKU0545,WHBDG,219
SKU0546,WHDPS,49
SKU0547,WHMDN,346
SKU0548,WHMDN,262
SKU0549,WHMDN,49
SKU0550,WHDPS,195
SKU0551,WHDPS,128
SKU0552,WHMDN,30
SKU0553,WHBDG,113
SKU0554,WHBDG,75
SKU0555,WHMDN,48
SKU0556,WHMDN,231
SKU0557,WHBDG,162
SKU0558,WHJKT,159
SKU0559,WHDPS,81
SKU0560,WHBDG,217
SKU0561,WHDPS,789
SKU0562,WHDPS,111
SKU0563,WHJKT,393
SKU0564,WHDPS,192
SKU0565,WHMDN,262
SKU0566,WHMDN,264
SKU0567,WHBDG,97
SKU0568,WHSBY,180
SKU0569,WHDPS,221
SKU0570,WHMDN,370
SKU0571,WHDPS,123
SKU0572,WHJKT,147
SKU0573,WHBDG,809
SKU0574,WHSBY,120
SKU0575,WHMDN,1
SKU0576,WHSBY,302
SKU0577,WHJKT,335
SKU0578,WHJKT,357
SKU0579,WHJKT,147
SKU0580,WHDPS,72
SKU0581,WHSBY,364
SKU0582,WHMDN,483
SKU0583,WHJKT,864
SKU0584,WHMDN,240
SKU0585,WHSBY,31
SKU0586,WHSBY,10
SKU0587,WHJKT,180
SKU0588,WHMDN,311
SKU0589,WHBDG,144
SKU0590,WHMDN,135
SKU0591,WHBDG,362
SKU0592,WHMDN,237
SKU0593,WHJKT,42
SKU0594,WHSBY,46
SKU0595,WHMDN,49
SKU0596,WHMDN,402
SKU0597,WHMDN,65
SKU0598,WHDPS,84
SKU0599,WHDPS,275
SKU0600,WHDPS,93
SKU0601,WHMDN,375
SKU0602,WHDPS,166
SKU0603,WHDPS,147
SKU0604,WHDPS,414
SKU0605,WHSBY,17
SKU0606,WHJKT,57
SKU0607,WHMDN,210
SKU0608,WHMDN,58
SKU0609,WHJKT,146
SKU0610,WHBDG,209
SKU0611,WHMDN,437
SKU0612,WHDPS,356
SKU0613,WHDPS,189
SKU0614,WHJKT,278
SKU0615,WHJKT,50
SKU0616,WHDPS,190
SKU0617,WHMDN,15
SKU0618,WHJKT,426
SKU0619,WHMDN,382
SKU0620,WHJKT,72
SKU0621,WHJKT,324
SKU0622,WHMDN,421
SKU0623,WHJKT,1
SKU0624,WHJKT,39
SKU0625,WHSBY,104
SKU0626,WHMDN,10
SKU0627,WHJKT,260
SKU0628,WHBDG,147
SKU0629,WHJKT,444
SKU0630,WHDPS,158
SKU0631,WHBDG,215
SKU0632,WHJKT,198
SKU0633,WHBDG,34
SKU0634,WHJKT,396
SKU0635,WHBDG,82
SKU0636,WHDPS,231
SKU0637,WHDPS,232
SKU0638,WHBDG,146
SKU0639,WHMDN,890
SKU0640,WHJKT,60
SKU0641,WHMDN,365
SKU0642,WHBDG,282
SKU0643,WHJKT,628
SKU0644,WHSBY,218
SKU0645,WHMDN,23
SKU0646,WHBDG,29
SKU0647,WHMDN,181
SKU0648,WHBDG,5
SKU0649,WHMDN,241
SKU0650,WHBDG,833
SKU0651,WHDPS,126
SKU0652,WHJKT,81
SKU0653,WHDPS,37
SKU0654,WHJKT,326
SKU0655,WHDPS,186
SKU0656,WHBDG,62
SKU0657,WHDPS,100
SKU0658,WHBDG,99
SKU0659,WHJKT,342
SKU0660,WHBDG,389
SKU0661,WHDPS,766
SKU0662,WHDPS,154
SKU0663,WHSBY,120
SKU0664,WHBDG,79
SKU0665,WHSBY,132
SKU0666,WHSBY,392
SKU0667,WHDPS,143
SKU0668,WHSBY,164
SKU0669,WHDPS,560
SKU0670,WHSBY,77
SKU0671,WHBDG,410
SKU0672,WHSBY,131
SKU0673,WHBDG,62
SKU0674,WHDPS,791
SKU0675,WHMDN,73
SKU0676,WHBDG,104
SKU0677,WHMDN,190
SKU0678,WHJKT,217
SKU0679,WHSBY,450
SKU0680,WHJKT,336
SKU0681,WHSBY,437
SKU0682,WHDPS,33
SKU0683,WHSBY,226
SKU0684,WHMDN,162
SKU0685,WHDPS,84
SKU0686,WHJKT,871
SKU0687,WHSBY,88
SKU0688,WHBDG,791
SKU0689,WHJKT,132
SKU0690,WHJKT,177
SKU0691,WHDPS,247
SKU0692,WHDPS,292
SKU0693,WHMDN,160
SKU0694,WHDPS,155
SKU0695,WHSBY,37
SKU0696,WHMDN,51
SKU0697,WHSBY,166
SKU0698,WHBDG,10
SKU0699,WHMDN,260
SKU0700,WHMDN,1
SKU0701,WHMDN,561
SKU0702,WHMDN,445
SKU0703,WHMDN,635
SKU0704,WHDPS,110
SKU0705,WHJKT,35
SKU0706,WHJKT,172
SKU0707,WHSBY,168
SKU0708,WHSBY,64
SKU0709,WHJKT,88
SKU0710,WHBDG,173
SKU0711,WHSBY,333
SKU0712,WHMDN,121
SKU0713,WHSBY,780
SKU0714,WHMDN,328
SKU0715,WHJKT,149
SKU0716,WHSBY,22
SKU0717,WHBDG,41
SKU0718,WHMDN,81
SKU0719,WHBDG,93
SKU0720,WHBDG,229
SKU0721,WHBDG,85
SKU0722,WHMDN,570
SKU0723,WHMDN,977
SKU0724,WHSBY,9
SKU0725,WHMDN,42
SKU0726,WHMDN,205
SKU0727,WHSBY,185
SKU0728,WHSBY,404
SKU0729,WHMDN,99
SKU0730,WHSBY,346
SKU0731,WHMDN,380
SKU0732,WHMDN,1
SKU0733,WHBDG,133
SKU0734,WHDPS,53
SKU0735,WHSBY,1
SKU0736,WHBDG,100
SKU0737,WHMDN,665
SKU0738,WHMDN,66
SKU0739,WHSBY,183
SKU0740,WHMDN,190
SKU0741,WHDPS,362
SKU0742,WHMDN,24
SKU0743,WHDPS,195
SKU0744,WHBDG,79
SKU0745,WHJKT,291
SKU0746,WHSBY,39
SKU0747,WHBDG,18
SKU0748,WHMDN,1
SKU0749,WHJKT,149
SKU0750,WHDPS,166
SKU0751,WHBDG,134
SKU0752,WHSBY,210
SKU0753,WHSBY,679
SKU0754,WHBDG,592
SKU0755,WHSBY,178
SKU0756,WHJKT,205
SKU0757,WHDPS,98
SKU0758,WHSBY,197
SKU0759,WHBDG,91
SKU0760,WHBDG,26
SKU0761,WHJKT,170
SKU0762,WHSBY,1
SKU0763,WHMDN,174
SKU0764,WHDPS,424
SKU0765,WHMDN,29
SKU0766,WHDPS,80
SKU0767,WHBDG,87
SKU0768,WHBDG,78
SKU0769,WHMDN,36
SKU0770,WHSBY,111
SKU0771,WHMDN,218
SKU0772,WHSBY,74
SKU0773,WHMDN,83
SKU0774,WHSBY,244
SKU0775,WHMDN,14
SKU0776,WHMDN,25
SKU0777,WHSBY,260
SKU0778,WHDPS,106
SKU0779,WHDPS,286
SKU0780,WHJKT,144
SKU0781,WHBDG,210
SKU0782,WHJKT,29
SKU0783,WHBDG,185
SKU0784,WHMDN,180
SKU0785,WHJKT,288
SKU0786,WHMDN,301
SKU0787,WHDPS,60
SKU0788,WHBDG,157
SKU0789,WHJKT,233
SKU0790,WHDPS,357
SKU0791,WHMDN,219
SKU0792,WHMDN,37
SKU0793,WHDPS,219
SKU0794,WHDPS,722
SKU0795,WHBDG,343
SKU0796,WHSBY,116
SKU0797,WHMDN,54
SKU0798,WHDPS,37
SKU0799,WHSBY,1
SKU0800,WHJKT,581
SKU0801,WHMDN,190
SKU0802,WHBDG,532
SKU0803,WHDPS,17
SKU0804,WHSBY,245
SKU0805,WHJKT,96
SKU0806,WHJKT,189
SKU0807,WHMDN,975
SKU0808,WHMDN,277
SKU0809,WHBDG,39
SKU0810,WHJKT,35
SKU0811,WHJKT,404
SKU0812,WHJKT,178
SKU0813,WHBDG,24
SKU0814,WHSBY,30
SKU0815,WHSBY,912
SKU0816,WHBDG,57
SKU0817,WHBDG,208
SKU0818,WHSBY,18
SKU0819,WHJKT,130
SKU0820,WHMDN,313
SKU0821,WHDPS,480
SKU0822,WHBDG,258
SKU0823,WHMDN,40
SKU0824,WHSBY,72
SKU0825,WHBDG,582
SKU0826,WHSBY,138
SKU0827,WHJKT,142
SKU0828,WHBDG,109
SKU0829,WHJKT,168
SKU0830,WHJKT,72
SKU0831,WHJKT,374
SKU0832,WHDPS,282
SKU0833,WHJKT,136
SKU0834,WHMDN,209
SKU0835,WHDPS,28
SKU0836,WHDPS,233
SKU0837,WHBDG,373
SKU0838,WHSBY,26
SKU0839,WHDPS,412
SKU0840,WHJKT,86
SKU0841,WHDPS,18
SKU0842,WHJKT,155
SKU0843,WHMDN,663
SKU0844,WHSBY,512
SKU0845,WHBDG,178
SKU0846,WHBDG,86
SKU0847,WHDPS,581
SKU0848,WHSBY,380
SKU0849,WHSBY,213
SKU0850,WHMDN,67
SKU0851,WHBDG,311
SKU0852,WHJKT,101
SKU0853,WHBDG,389
SKU0854,WHMDN,211
SKU0855,WHMDN,97
SKU0856,WHDPS,129
SKU0857,WHBDG,540
SKU0858,WHSBY,248
SKU0859,WHMDN,171
SKU0860,WHDPS,744
SKU0861,WHMDN,305
SKU0862,WHMDN,151
SKU0863,WHSBY,343
SKU0864,WHDPS,42
SKU0865,WHDPS,467
SKU0866,WHMDN,67
SKU0867,WHMDN,93
SKU0868,WHBDG,51
SKU0869,WHSBY,100
SKU0870,WHBDG,114
SKU0871,WHMDN,237
SKU0872,WHMDN,145
SKU0873,WHDPS,540
SKU0874,WHBDG,242
SKU0875,WHBDG,291
SKU0876,WHBDG,124
SKU0877,WHMDN,162
SKU0878,WHDPS,68
SKU0879,WHSBY,352
SKU0880,WHJKT,106
SKU0881,WHSBY,261
SKU0882,WHBDG,64
SKU0883,WHDPS,55
SKU0884,WHJKT,262
SKU0885,WHJKT,104
SKU0886,WHBDG,171
SKU0887,WHBDG,376
SKU0888,WHMDN,98
SKU0889,WHBDG,104
SKU0890,WHBDG,293
SKU0891,WHSBY,614
SKU0892,WHBDG,91
SKU0893,WHBDG,911
SKU0894,WHBDG,381
SKU0895,WHDPS,465
SKU0896,WHSBY,231
SKU0897,WHMDN,786
SKU0898,WHSBY,395
SKU0899,WHMDN,507
SKU0900,WHMDN,619
SKU0901,WHDPS,239
SKU0902,WHMDN,272
SKU0903,WHSBY,748
SKU0904,WHJKT,731
SKU0905,WHSBY,11
SKU0906,WHJKT,389
SKU0907,WHJKT,141
SKU0908,WHBDG,359
SKU0909,WHDPS,47
SKU0910,WHDPS,142
SKU0911,WHDPS,237
SKU0912,WHJKT,1
SKU0913,WHSBY,209
SKU0914,WHSBY,1
SKU0915,WHSBY,183
SKU0916,WHJKT,169
SKU0917,WHJKT,253
SKU0918,WHDPS,157
SKU0919,WHBDG,92
SKU0920,WHJKT,699
SKU0921,WHJKT,162
SKU0922,WHDPS,95
SKU0923,WHBDG,309
SKU0924,WHDPS,156
SKU0925,WHSBY,529
SKU0926,WHBDG,21
SKU0927,WHDPS,253
SKU0928,WHMDN,549
SKU0929,WHJKT,134
SKU0930,WHSBY,266
SKU0931,WHMDN,267
SKU0932,WHMDN,95
SKU0933,WHSBY,52
SKU0934,WHMDN,102
SKU0935,WHBDG,118
SKU0936,WHJKT,88
SKU0937,WHBDG,56
SKU0938,WHSBY,273
SKU0939,WHDPS,139
SKU0940,WHBDG,275
SKU0941,WHDPS,509
SKU0942,WHBDG,295
SKU0943,WHDPS,584
SKU0944,WHSBY,688
SKU0945,WHSBY,553
SKU0946,WHDPS,681
SKU0947,WHBDG,88
SKU0948,WHDPS,322
SKU0949,WHSBY,482
SKU0950,WHDPS,124
SKU0951,WHSBY,69
SKU0952,WHBDG,156
SKU0953,WHDPS,240
SKU0954,WHDPS,260
SKU0955,WHJKT,174
SKU0956,WHMDN,19
SKU0957,WHMDN,259
SKU0958,WHDPS,246
SKU0959,WHMDN,378
SKU0960,WHSBY,58
SKU0961,WHDPS,94
SKU0962,WHJKT,239
SKU0963,WHBDG,97
SKU0964,WHSBY,91
SKU0965,WHBDG,239
SKU0966,WHSBY,125
SKU0967,WHMDN,220
SKU0968,WHBDG,951
SKU0969,WHSBY,2
SKU0970,WHDPS,416
SKU0971,WHMDN,22
SKU0972,WHBDG,68
SKU0973,WHJKT,769
SKU0974,WHMDN,106
SKU0975,WHBDG,389
SKU0976,WHSBY,34
SKU0977,WHDPS,264
SKU0978,WHBDG,779
SKU0979,WHBDG,176
SKU0980,WHBDG,71
SKU0981,WHSBY,210
SKU0982,WHJKT,48
SKU0983,WHMDN,340
SKU0984,WHMDN,516
SKU0985,WHMDN,91
SKU0986,WHBDG,50
SKU0987,WHBDG,159
SKU0988,WHSBY,332
SKU0989,WHBDG,75
SKU0990,WHDPS,13
SKU0991,WHBDG,117
SKU0992,WHBDG,158
SKU0993,WHDPS,165
SKU0994,WHDPS,97
SKU0995,WHBDG,244
SKU0996,WHJKT,382
SKU0997,WHDPS,208
SKU0998,WHBDG,264
SKU0999,WHJKT,33
SKU1000,WHJKT,102
